{"_timestamp":1.7376710946141272e+09,"_wandb":{"runtime":58},"running_accuracy":88.75,"epoch_accuracy":88.75,"_step":3,"batch_loss":0.597869873046875,"epoch":2,"epoch_loss":0.597869873046875,"_runtime":58.029068}