{"epoch":2,"_timestamp":1.7376694085258062e+09,"_step":3,"batch_loss":0.597869873046875,"_wandb":{"runtime":49},"epoch_accuracy":88.75,"_runtime":49.49753,"running_accuracy":88.75,"epoch_loss":0.597869873046875}