{"_runtime":41.850868,"epoch_loss":0.5731412172317505,"_wandb":{"runtime":41},"_step":5,"running_accuracy":71.25,"batch_loss":0.48044896125793457,"_timestamp":1.737641448058645e+09,"epoch":2,"epoch_accuracy":71.25}