{"_wandb":{"runtime":50},"_step":3,"epoch_accuracy":88.75,"_timestamp":1.737649004642842e+09,"_runtime":50.152473,"running_accuracy":88.75,"batch_loss":0.597869873046875,"epoch":2,"epoch_loss":0.597869873046875}