{"_runtime":51.392156,"_wandb":{"runtime":51},"batch_loss":0.48044896125793457,"running_accuracy":71.25,"epoch_loss":0.5731412172317505,"epoch_accuracy":71.25,"_timestamp":1.737640055711796e+09,"_step":5,"epoch":2}