{"_wandb":{"runtime":41},"batch_loss":0.597869873046875,"epoch_accuracy":88.75,"_step":3,"_runtime":41.969897,"running_accuracy":88.75,"epoch_loss":0.597869873046875,"_timestamp":1.7376476443699021e+09,"epoch":2}