{"epoch_loss":0.5731412172317505,"running_accuracy":71.25,"epoch":2,"batch_loss":0.48044896125793457,"_wandb":{"runtime":34},"epoch_accuracy":71.25,"_timestamp":1.7376420620481348e+09,"_runtime":34.248438,"_step":5}