{"_wandb":{"runtime":36},"epoch_accuracy":88.75,"_runtime":36.733755,"batch_loss":0.597869873046875,"_timestamp":1.737657234983705e+09,"running_accuracy":88.75,"_step":3,"epoch":2,"epoch_loss":0.597869873046875}