{"trainer/global_step":3,"_timestamp":1.73764330225267e+09,"_runtime":20.611646,"_wandb":{"runtime":20},"_step":1,"val_loss":2.8373770713806152,"val_acc":0.4000000059604645,"epoch":1}