{"_wandb":{"runtime":45},"_runtime":45.401618,"epoch_accuracy":71.25,"_timestamp":1.7376415676882272e+09,"running_accuracy":71.25,"epoch":2,"batch_loss":0.48044896125793457,"_step":5,"epoch_loss":0.5731412172317505}