{"epoch_accuracy":88.75,"_wandb":{"runtime":67},"epoch":2,"epoch_loss":0.597869873046875,"_runtime":67.024251,"batch_loss":0.597869873046875,"_timestamp":1.737654950640563e+09,"running_accuracy":88.75,"_step":3}