{"epoch_loss":0.5731412172317505,"_step":5,"epoch":2,"_wandb":{"runtime":35},"running_accuracy":71.25,"epoch_accuracy":71.25,"_timestamp":1.7376383835775518e+09,"_runtime":35.485455,"batch_loss":0.48044896125793457}