{"_wandb":{"runtime":43},"_step":3,"_timestamp":1.737647957411409e+09,"epoch":2,"running_accuracy":88.75,"batch_loss":0.597869873046875,"epoch_accuracy":88.75,"_runtime":43.806286,"epoch_loss":0.597869873046875}