{"_runtime":57.909722,"_step":3,"batch_loss":0.597869873046875,"epoch_accuracy":88.75,"_wandb":{"runtime":57},"epoch_loss":0.597869873046875,"running_accuracy":88.75,"epoch":2,"_timestamp":1.73764824350434e+09}