{"running_accuracy":71.25,"_wandb":{"runtime":54},"_timestamp":1.7374118972599459e+09,"_runtime":53.993944,"epoch":2,"batch_loss":0.48044896125793457,"epoch_accuracy":71.25,"_step":5,"epoch_loss":0.5731412172317505}