{"_timestamp":1.737650508530132e+09,"_wandb":{"runtime":48},"_runtime":46.657273,"_step":1,"epoch":2,"epoch_loss":0.597869873046875,"epoch_accuracy":88.75}