{"epoch_loss":0.597869873046875,"batch_loss":0.597869873046875,"_timestamp":1.737658497936908e+09,"running_accuracy":88.75,"_step":3,"_runtime":48.283314,"epoch_accuracy":88.75,"epoch":2,"_wandb":{"runtime":48}}