{"_timestamp":1.737752930853417e+09,"epoch_loss":0.597869873046875,"batch_loss":0.597869873046875,"running_accuracy":88.75,"_runtime":58.681283,"_step":3,"epoch_accuracy":88.75,"epoch":2,"_wandb":{"runtime":58}}