{"_wandb":{"runtime":48},"running_accuracy":88.75,"epoch_loss":0.597869873046875,"batch_loss":0.597869873046875,"_runtime":48.569995,"_step":3,"epoch_accuracy":88.75,"_timestamp":1.737649648778419e+09,"epoch":2}