{"epoch":2,"epoch_accuracy":88.75,"_timestamp":1.737655609187949e+09,"batch_loss":0.597869873046875,"running_accuracy":88.75,"_runtime":45.293506,"_wandb":{"runtime":45},"_step":3,"epoch_loss":0.597869873046875}